3896	Blightfinger's Warrens
5480	Direlands Subway
6771	Monouga Feeding Pits
8207	Withered Atoll Lugian Mine
8566	Gear Hunter Dungeon
9142	Back Tunnels
13300	Frozen Cave
14308	80.8N, 57.4W - Penguin Rookery
16600	Cave of the Escaped Thief
32614	Small Fledgling Mukkir Nest
34898	Gear Knight Excavation
41051	Old Scratchy's Cave
44213	Small Fledgling Mukkir Nest
45168	Granite Quarry
50357	Ward Guardian Cave
50418	Sclavus Tunnels
50785	Tanada Temple of Black Water
51948	Vaeshok's Cave
53972	Targor's Cave
55126	Rat King's Cave
56408	Small Fledgling Mukkir Nest (Shoushi)
60189	Mosswart Holding
63364	Tusker Emporium
63547	Bandit Magma Tubes
63580	Shadow Cave
63792	Freebooter Phyntos Wasp Hive
0	Crystalline Portal (70+)
1	Remote Empyrean Vault
2	Viamontian Garrison
4	Northern Power Forge
5	Southern Power Forge
6	Western Power Forge
7	Town Network (Aluvian)
8	Defiled Temple Lower Wing
9	Defiled Temple Upper Wing
10	Defiled Temple Asylum
12	Weakened Vault Sewers
13	Secured Vault Sewers
14	Reinforced Vault Sewers
15	Fortified Vault Sewers
16	War Room
17	Weakened Royal Vault
18	Secured Royal Vault
19	Reinforced Royal Vault
20	Fortified Royal Vault
21	Banished Assembly
22	Ravaged Cathedral
23	Vile Sanctuary
24	Copper Legion Keep
25	Gold Legion Keep
26	Platinum Legion Keep
27	Silver Legion Keep
28	Lugian Ice Tunnels
29	Ruschk Icehold
30	Viamontian Royal Prison
31	Eater Pit
32	Heart of Madness
33	Hall of Karlun
34	Cannibal Caverns
41	Thrungus Hole
42	Path of the Blind (Main)
43	Egg Orchard (Main)
44	Forgotten Chasm
45	Dark Design
46	Feeding Tubes
48	Renegade Incursion
49	Creepy Canyons
50	Tunnel of Love
51	Coral Caves
52	The Fazenda Caves
53	Lost Coastal Archive
54	Lost Desert Archive
55	Frozen Cenotaph
56	Font of the Eternal Harvester
57	Hagra's Holdfast
62	Breached Hive
64	Master Alizari's Dig
65	Mistress Halmera's Dig
66	Mistress Gabille's Dig
67	Master Vaserio's Dig
68	Collegium Occultus
69	Temple of Stirring Shadows (East Wing)
70	Yanshi Lower Undermine
71	Repository
72	Dardante's Keep
73	Camp Entemarre
74	Creepy Chambers
75	Path of the Blind (West)
77	Eastern Temple Catacombs
78	Northern Temple Catacombs
79	Temple of the Black Spear
80	Realaidain Eastern Vault
82	Silyun Chapterhouse
83	Shade Iron Mine
84	Deep Mukkir Nest
85	Back Tunnels
86	Augmentation Realm Main Level (Entrance 1)
87	Enlightened Master's Chambers (Earth)
88	Viamontian Staging Portal (Low)
89	Viamontian Staging Portal (Mid)
90	Viamontian Staging Portal (High)
91	Ulgrim's Bookcase
96	Harraag's Lair
100	Egg Orchard (East)
101	Thrungal Den
102	PK Arena (Entrance 1)
103	PKL Arena (Entrance 1)
104	Viamontian Laboratory
109	Augmentation Realm Upper Level
110	Atlan's Laboratory
113	Dericost Vault
114	Falatacot Vault
115	Black Ferah's Vault
116	Black Spear Temple (Entrance)
117	Shadow-Infested Black Spear Temple (Entrance)
118	Mukkir Infested Black Spear Temple (Entrance)
119	Muggy Guruk Caverns
120	Humid Guruk Caverns
121	Steamy Guruk Caverns
122	Deep Guruk Caverns
123	Enlightened Master's Chambers (Breath)
124	Soul Hunter's Chambers
125	Augmentation Realm Lower Level
126	Black Spear Temple Upper Levels (Upper)
127	Dardante's Workshop (Binding Realm)
128	Rossu Morta Chapterhouse
129	Whispering Blade Chapterhouse
130	Assassins' Hideout
131	Pheraion's Sanctum
132	Black Spear Summoning Chamber (Entrance)
133	Altar Nest
134	Strange Swamp Temple
135	Ikzisik Tika Ri Zikma
136	Deeper Catacombs (Paradox)
137	Cells of the Black Book (Entrance 1)
139	Ancient Masonry
140	Essence Chambers
150	Insatiable Vault
155	Crypt of Crimson Night
156	Kor-Gursha
157	Swamp Cavern
158	Tanada House of Water
159	Secret Chamber of Kresovus (Part 1: Trials of the Arm, Mind, and Heart)
160	Monouga Laboratory (80+)
161	Monouga Laboratory (120+)
162	Monouga Laboratory (150+)
163	Claude's Mind (Crossing the Threshold of Darkness)
164	Hidden Laboratory
165	Lonely Fortress
168	Roots of the Deru Tree
169	Trial of the Deep
170	Olthoi Sanctuary
175	Colosseum (Beyond the Locked Door)
176	Colosseum 1 Stage 10
177	Colosseum 2 Stage 10
178	Colosseum 3 Stage 10
181	Mosswart Worship Cavern
182	Azaxis
183	Celestial Hand Stronghold
184	Eldrytch Web Stronghold
185	Radiant Blood Stronghold
186	Corrupted Catacombs
192	South Gate
193	Blighted Rank Moarsman Tunnels
194	Blighted Disgusting Moarsman Tunnels
195	Blighted Putrid Moarsman Tunnels
196	Blighted Desolation Moarsman Tunnels
197	Blighted Grimy Moarsman Tunnels
198	Blighted Verdant Moarsman Tunnels
199	Crystalline Portal (Level 70)
200	Egg Orchard (West)
201	Chamber of Scrolls (Air)
202	Mar'uun (Entrance) (Mirror)
203	Pyramid (Kazyk Ri)
204	Renegade Fortress (120+)
205	Tanada Temple of Black Water (Part 1)
207	The Dark Spiral
208	Ringleader's Chambers
209	Ancient Caves
210	Northern Catacombs
211	Eastern Catacombs
212	Southern Catacombs
213	Claude's Mind (Crossing the Threshold of Darkness) (mirror)
214	Collegium Planar Abstraction (Planar Academy Master Portal Studies)
215	Jester's Prison (Antechamber)
217	Blightfinger's Warrens
219	Claude's Mind (Crossing the Threshold of Darkness) (mirror)
220	Moarsmen Priory
221	Acolyte's Chamber
222	Temple Door
223	Temple of Tthuun
224	Rogue Delvings
225	Path of the Blind (East)
226	Ruschk Burial Mound
227	Sclavus Umbral Forge
228	Temple of the Three, Ritual Chambers
229	Temple of the Three
230	Prodigal Shadow Child's Lair
231	Gardens of Menilesh
233	Claude's Mind (Crossing the Threshold of Darkness) (mirror)
234	Mhoire Armory (Entrance)
235	Ancient Cloister
237	Artifex Collegium
238	Bonecrunch's Treasury
239	Temple Entrance
240	Sanctum of Xik Minru (Entrance)
256	Murk Warrens (Baishi)
257	Murk Warrens (Zaikhal)
258	Murk Warrens (Stonehold)
259	Black Spawn Den (Teth)
260	Black Spawn Den (Wai Jhou)
261	Black Spawn Den (Ayan Baqur)
262	Setab's Barracks
263	Nor's Folly
264	Cursed Swamp
265	Dungeon of Corpses
266	Black Dominion
267	Asuger Temple
268	Mysterious Tunnels
272	Nexus
275	Amiantos Bethel
276	Sultry Hovel
278	Tenkarrdun Foundry
279	Serac Vault
280	Drudge Hovel
281	Amperehelion Vault
282	Incunabula Vault
283	Jahannan Vault
284	Mountain Fortress
285	Meeting Hall (Al-Arqas)
286	Meeting Hall (Al-Jalima)
287	Meeting Hall (Arwic)
288	Meeting Hall (Baishi)
289	Meeting Hall (Cragstone)
290	Meeting Hall (Eastham)
291	Meeting Hall (Glenden Wood)
292	Meeting Hall (Hebian-to)
293	Meeting Hall (Holtburg)
294	Meeting Hall (Khayyaban)
295	Meeting Hall (Lin)
296	Meeting Hall (Lytelthorpe)
297	Meeting Hall (Mayoi)
298	Meeting Hall (Nanto)
299	Meeting Hall (Qalaba'r)
300	Meeting Hall (Rithwic)
301	Meeting Hall (Samsur)
302	Meeting Hall (Sawato)
303	Meeting Hall (Shoushi)
305	Meeting Hall (Tufa)
306	Meeting Hall (Uziz)
307	Meeting Hall (Yanshi)
308	Meeting Hall (Yaraq)
309	Meeting Hall(Zaikhal)
310	Empyrean Foundry
311	Artifex Vault
312	Lost City of Frore
313	Mage Academy
315	Folthid Cellar
316	Underground Forest
317	Forbidden Crypts
318	Burial Temple
319	Saadia's Retreat
320	Virindi Fort
321	Enkindled Souls
322	Recovered Temple
323	Phyntos Menace
324	Darkened Halls
325	Bone Lair
326	Mount Lethe Magma Tubes
327	Mount Naipenset Caverns
328	A Small Ruin
329	Thieves' Galleries
330	Mysterious Cave
331	Winthura's Garden
332	Nevius Passage
333	Damp Caverns
334	Smugglers Hideaway
335	Dungeon Maggreth
336	Filos' Doom
337	Forgotten Temple
338	Ruined Cave Outpost
339	Shreth Hive
340	Stone Cathedral
341	Musansayn's Vaults
342	Sea Temple Catacombs
343	Under Cove Crypt
344	Lytaway Dungeon
345	Abandoned Shops
346	Dry Well
347	Unfinished Temple
348	Nanto Rat Lair
349	Mountain Cavern
350	Impious Temple
351	Dericost Ruin
353	Empyrean Garrison
354	Cave of Alabree
355	Holtburg Redoubt
356	Lost Distillery
357	Old Warehouse
358	Deserted Ruin
359	Desert Ruin
360	Water Temple
361	Mattekar Cave
362	Izji Qo's Temple
364	Marketplace
373	Muggy Font
374	Humid Font
375	Mossy Cave (Yanshi)
376	Dark Mosswart Halls
377	Umbral Hall
378	Banderling Hovel
379	Watery Grotto
381	Hidden Entrance
382	Underway
383	Halls
384	Tunnels
385	Dungeon Nye
386	Desert Mine
387	Dungeon Binar
388	Dungeon Mei
389	Daiklos Dungeon
390	Sclavus Keep
391	A Ruin (Arwic)
392	Mines of Despair
393	Grievous Vault
395	A Cave
396	Crater Lair
397	Olthoi Tunnels
398	Abayar's Laboratory
399	Carved Cave
400	Old Mine
401	Mountain Sewer
402	Mountain Halls
403	Greater K'nath Lair
404	Ruined Empyrean Vault
405	Xi Ru's Chapel
406	Xi Ru's Crypt
407	Marauder's Lair
408	Steamy Font
409	Abayar's Study
410	Crater Caves Dungeon
411	0x5E48016D
412	Swamp Temple (Wai Jhou)
413	Simple Tower
414	Drudge Hideout
415	Tumerok Post
416	Tumerok Dungeon
417	Tumerok Base
418	Swamp Temple (Yanshi)
419	The Pit
420	Mite Tunnels
421	Inner Dungeon
422	Disaster Maze
423	Crater Pathway (From Crater Village)
424	Abandoned Arena
425	Ancient Lighthouse
426	Lair of Death
427	Forking Trail
428	Adventurer's Haven
429	Dungeon Gallery Tower
430	Colier Mine
431	Lakeside Lair
432	Seaside Lair
433	Lost Garden Ruins
434	Web Maze
435	Dungeon Fern (Dungeon)
436	Golem Burial Ground
437	Rocky Crypt
438	Dungeon Muddy
439	Braid Mansion Ruin
440	A Ruin (Rithwic)
441	A Ruin (Samsur)
442	Dungeon of Tatters
443	Thief Trail
444	Tumerok Chamber
445	Cave (Ayan Baqur)
446	Tumerok Fortress
447	Tumerok Outpost
448	Small Complex
449	Tumerok Mine
450	Underground Passage
451	Trialos
452	Thasali
453	Swamp Ruin
454	Hunter's Leap
455	Lugian Outpost
456	Lugian Post
457	Abandoned Mine
458	Hebian-to Sewers
459	Penguin Cave Hatchery
460	Halls of the Helm
461	Rithwic Crypt
462	Halls of the Lost Light
463	Eastham Sewer
464	Yanshi Tunnels
465	Balmy Font
466	Mountain Keep
467	Zabool Tower (Base)
468	Bellig Tower (Base)
469	Syliph Tower
470	Alfreth Dungeon
471	Sylsfear Dungeon
472	A Drudge Nest (Rithwic)
473	A Red Rat Lair
474	A Ruin (Yanshi)
475	Moss Chamber
476	A Drudge Nest (Hebian-To)
477	A White Rat Nest
478	A Ruin (Mayoi)
479	A Mosswart Nest
480	Banderling Ruin
481	Thieves' Den
482	Bandit Castle Prison
483	Glenden Wood Dungeon
484	Commander's Quarters
485	Green Mire Grave
486	Small Icecave
487	A Small Cave
488	Dungeon Manor
489	Underground City
490	Old Talisman
491	Lola's Den (Entrance)
492	Defiled Temple Middle Wing
493	Dungeon of Shadows
495	Arwic Mines
496	Hizk Ri's Temple
497	Cave (Eastham)
498	Kivik Lir's Temple
499	Tomb of the Dead
502	Holtburg Dungeon
503	Shoushi Grotto
504	Mite Maze
505	Accursed Halls
506	Crypt of Ashen Tears
507	Yaraq Tunnels
508	ReedShark Lair
509	Trothyr's Rest
510	Small Empyrean Vault
632	Burun Fortress Central Mound
633	Burun Fortress SW Mound
634	Burun Fortress NE Mound
635	Burun Fortress NW Mound
636	Ancient Empyrean Grotto
637	Lair of the Eviscerators
638	Martinate Holding
639	East Fork Damn Hive
640	Burun Fortress SE Mound
642	An Olthoi Soldier Nest
643	The Dark Lair
644	Abandoned Tumerok Site
645	Wasteland Hive
646	Tumerok Cave
647	Aun Papileona's Shrine to Raeta
648	Royal Hive
649	Tiny Hive
650	Small Hive
651	Simple Hive
652	Shallow Hive
653	New Hive
654	Palenqual's Caverns
655	Swamp Gardens
656	Stable Rift
657	Singularity Bore
658	Tumerok Cavern
661	Inculcation Cells
664	Land Bridge Staging Complex: Main
666	The Envoy's Chamber
667	Gredaline Consulate
668	Linvak Tukal Entryway
669	Mnemosyne Collection Site (Large)
670	Aerbax Laboratory (Main)
671	Aerbax Laboratory (Haven)
672	Sand Shallow
673	Panopticon
675	Moss Chamber (NPC Room)
676	South Tumerok Vanguard Outpost
677	North Tumerok Vanguard Outpost
681	Hieromancers' Halls
682	Desert March
683	Beyond the Mines of Despair
684	Lower Empyrean Mausoleum
685	Empyrean Cloister
686	Chakron Gate
687	Lower Chakron Flux
689	Lower Shade Stronghold
690	Heart of Darkness (Lower)
691	Moars Laboratory
692	A Mosswart Hideout
693	Moarsmen Spawning Grounds
694	Idol Spawning Grounds
695	Catacombs of Ithaenc
696	Rumuba's Hidey-Hole
697	Moist Hovel
698	Moars (Dungeon)
699	Jungle Shadows
700	Mosswart Nest
701	Small Ruin
702	Small Temple
703	Small Temple
704	Small Temple
705	Mud Cave
706	Moarsmen Muck
707	Slithis Pit
708	Moarsmen Hideout
709	Treacherous Tunnels
710	Lightless Tunnels
711	Tumideon Fortress
712	Banderling Conquest Dungeon
713	Sotiris Dungeon
714	Mosswart Maze
715	The Floating City (Bar)
716	The Floating City (Museum)
717	The Floating City (Tunnels)
718	The Floating City (Construction Area)
719	The Floating City (Skyway)
720	The Floating City (Lost Chamber)
721	The Floating City (Banderling Area)
722	Uninhabited Area
723	Xarabydun Lifestone
724	Abhorrent Vault
725	Waterfall Cave
726	Hidden City
728	Qin Xikit's Temple
729	Liazk Itzi's Temple
731	Fenmalain Vestibule
732	Caulnalain Vestibule
733	Penguin Den
734	Ruschk Iceberg
736	Shendolain Vestibule
737	Golem Sanctum
738	Arena
739	Arena (PK)
740	Humid Hovel
741	Krau Li's Labyrinth
742	Catacombs of the Forgotten
743	Lugian Excavations
744	Lugian Quarry
745	Lugian Mines
746	Ishaq's Cellar
747	Viamontian Torture Chamber
748	Coral Tunnels (East)
749	Aerlinthe Lower Reservoir
750	Aerlinthe Reservoir
752	Hills Citadel
753	Ridge Citadel
754	Wilderness Citadel
755	Halls of Metos (Tufa)
756	Halls of Metos (Ayan Baqur)
757	Halls of Metos (Wai Jhou)
758	Sclavus Cathedral (Ayan Baqur)
759	Sclavus Cathedral (West Dires)
760	Burun Cathedral
763	Olthoi Horde Nest (Colier)
764	Olthoi Horde Nest (Mountain Retreat)
765	Olthoi Horde Nest (Bandit Castle)
766	Frozen Library
923	Steaming Hovel
924	Arcanum Furniture Shop
925	Ravenous Vault
927	Singular Obsidian Repository
928	Singular Chorizite Repository
929	Singular Pyreal Repository
930	Southern Infiltrator Keep
931	Northern Infiltrator Keep
932	The Asteliary
933	Undead Temple
934	North Fork Damn Hive
935	Mount Elyrii Hive
1022	Mossy Cave (Shoushi)
6454	Archive (Dungeon)
6798	Inner Stronghold (Entrance)
9408	Roots of Skuld, Urd, and Verdandi
10306	Apostate Citadel Barracks
11627	Facility
11884	Crystalline Portal (130+)
14688	Apostate Excavation
16305	Arrival Chamber
18221	Massilor's Crypt
21097	Wedding Trials Dungeon
21098	Entrance to Portal Space (Final)
21099	Entrance to Portal Space (Mid)
21100	Entrance to Portal Space (Start)
21101	Lower Empyrean Acid Cistern
21102	Empyrean Acid Propylaeum
21103	Lower Empyrean Fire Cistern
21104	Empyrean Fire Propylaeum
21105	Lower Empyrean Ice Cistern
21106	Empyrean Ice Propylaeum
21107	Lower Empyrean Lightning Cistern
21108	Empyrean Lightning Propylaeum
21354	Hidden Dungeon
21355	Convergent Median
21356	Malignant Tabernacle
21357	Nuhmudira's Dungeon (Blue Face Paint Recipe Dungeon)
21358	Venemous Nidus
21590	Grievver Caves
21591	Colossus Foundry
21592	Mammet Foundry
21593	Effigy Foundry
21594	Mannikin Foundry
21595	Arcanum Research Facility
21596	Arcanum Storehouse (Entry)
21597	The Callous Heart (High Grounds)
21598	Fathomless Chasm
21599	Fathomless Chasm Clough
21600	Fathomless Chasm Abyss
21602	Oubliette (Labyrinth)
21603	Labyrinth
21604	Gelidite Library
22083	Gromnie Clan Training Camp
22084	Mask Clan Training Camp
22085	Abandoned Armory
22086	An Archive
22087	Tower Base Dungeon
22088	Misty Mine
22089	Dark Tree Crystal Mine
22090	Spirit Cell
22091	Crystal Mine Extreme
22092	Crystal Mine High
22093	Crystal Mine Mid
22094	Crystal Mine Low
22095	Crystal Mine New Isparians
22097	Haunted Mansion Dungeon
22099	Citadel Library
22101	Virindi Research Facility
22112	Martine's Retreat
22339	Frost Guardian Lair
22340	Proving Grounds Low (Stage 1)
22341	Icy Demise
22342	Lightning Ziggurat
22344	Tusker Burrow
22345	Tusker Lodge
22347	Warehouse (ransacked)
22348	Warehouse Annex Mine
22349	Deeper Catacombs (Black Death Catacombs)
22350	Deeper Catacombs (Bandit Castle OHN)
22351	Deeper Catacombs (Mountain Retreat OHN)
22352	Deeper Catacombs (Colier OHN)
22353	Deeper Catacombs (Crater Lair)
22354	Deeper Catacombs (Olthoi Tunnels)
22355	Deeper Catacombs (Lair of Death)
22356	Catacombs (20.5S, 7.6E)
22358	Temple
22368	Slave Master Sand Caves (Entrance 1)
22373	Lost Ruins
22374	Nanjou Shou-jen Academy
22377	Fiery Refuge
22378	Charged Refuge
22380	Acidic Refuge
22381	Cavernous Refuge
22382	Shadowy Refuge
22383	Twisted Refuge
22384	Frozen Refuge
22385	Venerable Mausoleum
22386	Olthoi Brood Hive (20+)
22387	Olthoi Brood Hive (20+)
22388	Secret Putiputi Place (Part 1)
22391	Falcon Clan Training Camp
22392	Serpent Clan Training Camp
22393	Shreth Clan Training Camp
22394	Reedshark Clan Training Camp
22595	Fire Guardian Lair
22596	Proving Grounds Mid (Stage 1)
22597	Fiery Consumption
22598	Acid Ziggurat
22600	Tusker Freehold
22601	Tusker Assault
22603	Olthoi Brood Hive (80+)
22604	Olthoi Brood Hive (80+)
22605	Frigid Grotto
22606	Serpent Burial Grounds
22608	Prismatic Guardian Lair
22609	Prismatic Ziggurat
22610	Proving Grounds Uber (Stage 1)
22611	Prismatic Devastation
22614	Foundry of Izexi
22622	Falatacot Depot
22624	Colton Reeyan's Sanctuary
22625	Crystal Core
22626	Count Phainor's Tomb
22627	Desert Dwelling
22628	Samurai Hausu
22629	Fiery Alcove
22630	Sanctuary of the Recluse
22631	Virindi Edifice
22632	Chiming Portal
22633	West Fork Dam Hive
22634	Western Royal Hive (Grub Test)
22635	Queen's Chamber
22636	Masked Preface
22637	Hive Eviscerator Burrow
22638	Hive Warrior Mound
22639	Tusker Den
22640	Curator of Torment's Study
22641	Seed of Hatred
22642	Seed of Misery
22643	Seed of Anger
22645	Rynthid Genesis
22646	Rynthid Foundry
22647	Fear Factory
22648	Spirited Halls (Acid Boss Room)
22649	Path of Rage
22650	Rynthid Training Facility ()
22851	Acid Guardian Lair
22852	Proving Grounds High (Stage 1)
22853	Entropic Decay
22854	Fire Ziggurat
22856	Tusker Armory
22857	Tusker Lacuna
22858	Chapel of Mowen
22859	Aerbax's Holding
22860	Gerent's Compound
22861	Ancient Temple
22862	Deep Caves
22863	Frozen Fortress
22865	Presk's Bunker
22866	Bah'Ktar's Tower
22867	Rynthid Training Facility (Assessment Chamber)
22868	Catacombs of Torment
22878	Charged Niche
22880	Gauntlet Room 1 (Celestial Hand)
22881	Gauntlet Stage 5a (Celestial Hand 2)
22882	Gauntlet Room 1 (Eldritch Web)
22883	Gauntlet Room 1 (Eldritch Web 2)
22884	Gauntlet Stage 5a (Radiant Blood)
22885	Gauntlet Room 1 (Radiant Blood 2)
22891	Gauntlet Lobby (Radiant Blood)
23107	Lightning Guardian Lair
23108	Proving Grounds Extreme (Stage 1)
23109	Electric Destruction
23110	Frost Ziggurat
23112	Tusker Barracks
23113	Tusker Honeycombs
23114	Tusker Pits
23363	Olthoi Arcade North
23364	Olthoi Arcade Central
23365	Virindi Complex (Entrance)
23366	Tusker Cave
23367	Tusker Habitat
23368	Tusker Holding
23369	Plated Rifts
23370	Tusker Quarters
23619	Tusker Cavern
23620	Tusker Encampment
23621	Tusker Abode
23622	Tusker Gauntlet
23623	Tusker Grotto
23624	Rampage Bluff
23625	Tusker Retreat
23626	Tusker Temple (0.7N 68.1W)
23627	Virindi Complex Part 2
23875	Tusker Temple (59.8N 28.4E)
23876	Tusker Temple (10.5S 65.6E)
23877	Tusker Tunnels
23878	Vengeance Caverns
23879	Temple of Enlightenment (Inner Sanctum)
23880	Temple of Forgetfulness (Inner Sanctum)
23881	Olthoi Arcade South
23882	Olthoi Chasm
23883	Shallow Olthoi Chasm
23884	Deep Olthoi Chasm
23885	Cavernous Olthoi Chasm
23886	Abyssal Olthoi Chasm
24131	Arena of the Tusker Hero (Exit)
24132	Tusker Food Storage
24133	Black Death Catacombs (Entrance)
24134	Catacombs of Opposition
24135	Asheron's Sanctum
24136	Olthoi Brood Hive (60+)
24137	Olthoi Brood Hive (40+)
24138	Olthoi Brood Hive (60+)
24139	Olthoi Brood Hive (40+)
24387	Legend of the Tusker King
24388	Idol of Wishes
24389	Fir Tree (Eagle's Sight)
24390	Heart of Innocence (Entrance)
24391	Elemental Caverns
24392	Hidden Cavern
24393	Hizk Ri's Test (Level )
24394	Hizk Ri's Test (Level )
24395	Hizk Ri's Test (Level )
24396	Hizk Ri's Sewers (Level )
24397	Hizk Ri's Sewers (Level )
24398	Hizk Ri's Sewers (Level )
24399	Hizk Ri Boss Dungeon (Level ) Boss Teleport Point
24400	Hizk Ri Boss Dungeon (Level ) Boss Teleport Point
24401	Hizk Ri Boss Dungeon (Level ) Boss Teleport Point
24643	Tusker Warrior's Lair
24644	Behind the Waterfall
24645	Caul Asylum
24646	Caul Athenaeum
24647	Caul Sanitorium
24648	Aerbax's Antechamber
24649	Renegade Garrison
24650	Sclavus Temple
24651	Forbidden Catacombs
24899	Ulgrim's Basement
24900	Lower Corridor (From Black Death Catacombs 1)
24901	Matron Hive West
24902	Matron Hive East
24903	Mountain Citadel
24904	Desert Citadel
24905	Crystal Mine
24906	Lair of the Ancient Queen
25155	Lair of Liazk Itzi (Antechamber)
25156	Liazk Itzi Guardians (Level )
25157	Liazk Itzi Guardians (Level )
25158	Hall's of Liazk Itzi (Boss Spawn Point Level )
25159	Burun Burrow
25160	Renegade Fortress (60+)
25161	Renegade Stronghold (Lytelthorpe)
25162	Burun Cavern
25411	Barracks
25412	Gates of Knorr (2)
25413	Subterannean Farm
25414	Matron Hive South
25415	Matron Hive North
25416	Caliginous Bethel
25420	Tainted Grotto
25667	Research Chamber
25668	Seat of Knorr
25669	Forge
25670	Tunnels of the Harbinger (Vincadi) (Essenceless)
25671	Tunnels of the Harbinger (Issk) (EmpoweredProdigal)
25672	Mount Ingot
25673	Dragon's Power
25674	Decrepit Tower
25923	Lesser Battle Dungeon (Entrance 1)
25924	Greater Battle Dungeon (Entrance 1)
25925	Crypt of Kixkti Xri (Level )
25926	Hall of the Arbiter (Level )
25927	Hall of the Temple Guardians (Entrance)
25928	The Orphanage
25929	Renegade Stronghold (Stonehold)
25930	Renegade Stronghold (Tufa)
25931	Renegade Stronghold (Shoushi)
25932	Mysterious Hatch (77.9N, 42.5W)
25933	Hoshino Kei's Fortress
26193	Hoshino Tower
26206	Falatacot Temple (Part 1)
26232	Olthoi Warrior Nest
26233	Crumbling Empyrean Mansion
26234	Mutilator Tunnels
26455	Tanada Toresen Temple
29187	Training Academy Outer Courtyard
29443	Training Academy Outer Courtyard
30695	Frozen Tomb
31209	Bloodstone Factory
32258	The Shadows
32259	Dark Cavern (Boss Room)
32260	Thug Hideout
32514	Apostate Nexus
32515	Training Academy Outer Courtyard
32771	Training Academy Outer Courtyard
34306	Training Academy Central Courtyard
34307	Training Academy Outer Courtyard
34308	Training Academy Outer Courtyard
34562	Training Academy Outer Courtyard
34564	Crystalline Portal (90+)
34819	Crystalline Portal (110+)
34820	Mar'uun (Entrance) (Mirror)
35074	Mar'uun (Entrance) (Mirror)
35075	Acid Elemental Plane
35076	Empyrean Facility Lower Level
35156	Temple of Twilight
35330	Facility Hub
35331	Society Infiltration (Celestial Hand Antechamber)
35427	Temple of Mornings (Part 1)
35586	Forgotten Tunnels (Entrance 1)
35587	Apostate Nexus (Scintillating)Apostate Nexus (Shimmering)Heart of the Apostate Nexi
35588	Frozen Wight Lair
35843	Mhoire Castle
35844	Training Academy Outer Courtyard
36098	Training Academy Outer Courtyard
36354	Training Academy Outer Courtyard
37634	Geraine's Study
40677	Northwatch Castle Black Market
41379	Cavern
46576	Aerfalle's Sanctum
51127	Paradox-Touched Olthoi Queen's Lair
60012	Whispering Caverns
63518	Blessed Cave Dungeon
63544	Moarsman Prison Cell Block Exit 1
63791	Freebooter Keep Black Market
63803	Empyrean Rescue Dungeon (Gateway Spawn Point)
11	Banderling Shrine
47	Tursh Dungeon
58	Corrupted Falatacot Temple
59	Gateway to the Deep: Part 2
60	Abandoned Mines Mirror
61	Devastated Falatacot Temple
81	Eastern Pedestal Dungeon
92	Ulgrim's Mysterious Hatch
93	Harbinger's Lair
94	Tunnels to the Harbinger (Issk) (Essenceless)
97	Western Pedestal Dungeon
98	Ley Line Cavern
99	Northern Pedestal Dungeon
108	Lower Catacomb
111	Shield of Isin Dule Spire
112	Harbinger's Lair
149	Lord Mhoire's Tomb
152	Abyssal Totem Temple
153	Black Totem Temple
154	White Totem Temple
167	Ithaenc Quiddity Seed Part 1
171	Derethian Combat Arena (Entrance 1)
172	Derethian Combat Pit (Entrance 1)
187	Catacombs of Tar'Kelyn
188	Prodigal Harbinger's Antechamber (Acid Prep Room)
206	Upper Catacombs
216	Lord Rytheran's Private Sanctum
218	Falatacot Visitor's Alcove (Entrance)
232	Tactical Arena (Celestial Hand)
236	Shroud Cabal North Outpost
241	Nightmare Gate
242	Qin Xikit's Hidden Crown
243	Browerk Stomach
244	Center of Kivik Lir's Temple
245	Center of Izji Qo's Temple
246	Center of Ixir Zi's Temple
247	Center of Hizk Ri's Temple
248	Broodu Stomach
249	Qin Xikit's Antechamber
250	Depth's of Kivik Lir's Temple
251	Depth's of Izji Qo's Temple
252	Depth's of Ixir Zi's Temple
253	Depth's of Hizk Ri's Temple
254	Depth's of Liazk Itzi's Temple
274	Lyceum Training Grounds
352	Secrets of Ixir Zi's Temple
363	Ixir Zi's Temple
365	Izji Qo's Crypt
366	Izji Qo's Trials (Level )
367	Izji Qo's Trials (Level )
368	Izji Qo's Trials (Level )
369	Izji Qo's Defenders (Level )
370	Izji Qo's Defenders (Level )
371	Izji Qo's Defenders (Level )
380	King Toad Idol (Dungeon)
494	Black Death Catacombs Quiddity Seed (Entrance)
500	Lyceum Training Grounds
501	Aerfalle Keep
626	Crypt of Kivik Lir
627	Lesser Haven of Kivik Lir
628	Haven of Kivik Lir
629	Greater Haven of Kivik Lir
630	Trials of Kivik Lir (Entrance)
631	Gallery of Kivik Lir (Level )
660	Land Bridge Staging Complex: Director's Private Chambers
662	Southern Black Claw Dungeon
663	Northern Black Claw Dungeon
665	Larry's Garden
674	Lyceum Training Grounds
678	Lyceum Training Grounds
679	Lyceum Training Grounds
680	Lyceum Training Grounds
751	Acolyte Towers (1)
926	Seat of the New Singularity
12624	Adrenkus Cave
21109	Farmer's Basement
21110	Hall of Hollows
22098	Hidden Treasury
22100	Gaerlan's Inner Sanctum (Entrance 1)
22346	Warehouse
22366	Summoning Cave (Ler Rhan Version)
22369	Summoning Cave (Isin Dule Version)
22370	Shadow Vortex Dungeon
22371	Shadow Vortex Dungeon
22372	Oubliette of Mhoire Castle Part 1
22389	Secret Putiputi Place (Part 3)
22390	Secret Putiputi Place (Part 4)
22607	Nanjou Prison
22612	Gaerlan's Inner Sanctum (Entrance 1)
22644	Rynthid Crystal Access (Entrance)
22886	Viridian Root (Entrance 1)
22887	Gromnus Champion (Celestial Hand)
22888	Gromnus Champion (Eldrytch Web)
22889	Gromnus Champion (Radiant Blood)
23628	Hizk Ri's Rewards Room
23629	Hizk Ri's Well of Tears Dungeon (Level )
23630	Hizk Ri's Well of Tears Dungeon (Level )
23631	Hizk Ri's Well of Tears Dungeon (Level )
24141	Bandit Hideout Prison
2308	Singularity Caul
2572	Artifex Collegium Surface
2575	Nightmare Gate Surface
2928	War Room Surface
3183	Venemous Nidus Surface
3336	Aerbax's Antechamber Surface
3462	Direlands Northwest Shore
3848	Stinging Corner Surface
3897	Halls of Metos (Ayan Baqur) Surface
3973	Creepy Canyons Surface
4025	Ahurenga
4403	Ayan Baqur (WB Chapterhouse)
4438	Ancient Temple Surface
4611	Withered Atoll Lugian Mine Surface
4677	Ancient Caves Surface
4742	Northwest Direlands
4755	Olthoi Arcade South Surface
4908	Ishaq's Cellar Surface
4920	Black Spawn Den (Ayan Baqur) Surface
5056	Northern Ahurenga Plains
5205	Mt. Lethe Magma Tubes Surface (Upper)
5244	Old Talisman Surface
5459	Mt. Lethe Magma Tubes Surface (Lower)
5497	Humming Crystal Surface
5553	Tumerok Cavern Surface
5685	Panopticon Surface
5699	Cave (Ayan Baqur) Surface
6011	Humming Crystal
6066	Redspire
6323	Abandoned Tumerok Site Surface
6324	Olthoi Tunnel
6521	Humming Crystal Surface
6576	Olthoi Arcade North Surface
6586	Olthoi Warrior Nest
6588	Hive Warrior Mound Surface
6930	Banished Assembly Surface
6931	Direlands Southwest Shore
6997	Sclavus Cathedral (Ayan Baqur) Surface
7038	Slaughterhouse
7056	Black Spawn Den (Fort Tethana) Surface
7245	Nexus Surface
7358	Wasteland Hive Surface
7442	Vile Sanctuary Surface
7444	Ravaged Cathedral Surface
7606	Timaru Gate
7611	Habitat Surface
7613	Tiny Hive Surface
7617	Mutilator Tunnels Surface
7855	Karab Delta
7859	Base of the Cliffs
7860	Marescent Plateau
7872	Simple Hive Surface
8123	East Fork Dam Hive Surface
8130	Lair of the Eviscerators Surface
8137	Martinate Holding Surface
8375	An Olthoi Soldier Nest Surface
8383	North Fork Dam Hive Surface
8479	Halls of the Lost Light Surface
8500	Pheraion's Sanctum Surface
8624	Viamontian Laboratory Surface
8636	Shallow Hive Surface
8645	Central Tuatara Plains
8793	Lower Empyrean Acid Cistern Surface
8804	Walled Portals
8892	Calignous Bethel Surface
8989	Direlands Desert Edge
9092	Lighthouse
9178	Westwatch
9272	Amperhelion Vault Surface
9348	Lighthouse Surface
9400	New Hive Surface
9404	Palenqual's Caverns Surface
9409	Ancient Empyrean Grotto Surface
9454	Eater Pit Surface
9777	Aerbax's Holding Surface
9797	Empyrean Facility Surface
9857	Fort Tethana
9862	Mountain Citadel Surface
9957	Remote Empyrean Vault Surface
9964	Silyun
10229	Hidden City Surface
10362	The Floating Spire
10562	Apostate Citadel Surface
10678	The Dark Lair Surface
10894	Tumerok Post Surface
10937	Crumbling Empyrean Mansion Surface
10942	Northern Manumet Plains
10978	Beacon Tower
10990	Karlun's Fort
11025	Ground (Candeth Tree)
11026	Tree (Candeth Keep)
11040	KEEP OUT!
11189	Greenspire
11312	Platforms of Rage
11344	Mukkir Infested Black Spear Temple Surface
11345	Mid Direlands
11567	Obsidian Plains
11568	Seed of Hatred Surface
11569	Rynthid Genesis Surface
11611	Renegade Fortress Surface
11658	Tumerok Base Surface
11738	Steaming Hovel Surface
11793	Direlands Midlands
11833	Singular Obsidian Repository Surface
11843	Obsidian Rim
11906	North Direlands Valley Junction
12361	Direlands Valley
12403	Tumerok Dungeon Surface
12506	Moist Hovel Surface
12605	Chakron Gate Surface
12758	Viamontian Torture Chamber Surface
13019	Sultry Hovel Surface
13113	Tumideon Fortress Surface
13193	Tumerok Mine
13273	Training Academy Exit (Sanamar)
13333	Desert Citadel Surface
13390	Black Ferah's Vault Surface
13391	Precarious Sojourn
13536	Fledgemaster's Camp
13559	Ruschk Iceberg Surface
13592	Direlands Desert Northeast
13787	Humid Hovel Surface
13802	Ruined Empyrean Vault Surface
13972	Direlands North Landbridge
14132	Black Spawn Den (Wai Jhou) Surface
14177	Outside Accursed Halls
14476	Mountain Halls Surface
14583	Fiun Outpost
14657	Knath Lair Surface
15154	Virindi Fort Surface
15181	East Direlands Swamp
15260	Dire's Edge
15438	Small Complex Surface
15517	North Direlands
15690	Burun Cathedral Surface
15815	Adams' Beach
15921	Black Hill
16069	River Mouth
16076	Westshore Cottages
16107	Olthoi Tunnel
16120	Frigid Grotto Surface
16178	Disaster Maze Surface
16368	Plains of Ruin
16394	Olthoi Tunnel
16433	Small Black Hill
16575	Rivermouth Villas
16622	Abhorrent Vault Surface
16697	Dungeon of Corpses Surface
16796	Peril's Edge Cottages
16836	Caerlin Cottages
17066	Sliver-of-BlueCottages
17070	Wilomine Villas
17118	Beach Fort
17139	Ravenous Vault Surface
17175	Elemental Caverns Surface
17399	Egg Orchard Surface
17401	Insatiable Vault Surface
17490	Incunabula Vault Surface
17714	Halls of Metos (Wai Jhou) Surface
17744	Swamp Temple (Wai Jhou) Surface
17762	Malignant Tabernacle Surface
17820	Last-Stop-Before-Dires Villas
17884	Lady Maila Estates
17906	Abayar's Study Surface
18080	Artifex Vault Surface
18085	Hero's Vale
18112	Auralla Settlement
18478	Lord Mhoire's Tomb Surface
18532	Western Power Forge Surface
18613	Virindi Research Facility Surface
18616	Plateau Base
18620	Fadsahil Settlement
18656	Woodshore Cottages
18733	Up to Arcanum Lookout
18870	Plateau Top
18871	Plateau Village
18918	Desolation Beach
18928	Eastwatch
18933	Thrungus Hole Surface
19100	Mirthless Dale
19163	Brazenn Domain
19400	Pine Deep
19426	Venerable Mausoleum Surface
19442	Viamontian Royal Prison Surface
19621	Axefall Glen
19682	Samurai Hausu Surface
19730	Convergent Median Surface
19904	Rahvard Square
19943	Empyrean Shore Villas
20018	Shendolain Vestibule Surface
20140	Plateau Hollow Settlement
20154	Rhynntal Cottages
20214	Frozen Recess Surface
20761	Tumerok Chamber Surface
20893	Tumerok Outpost Surface
20896	Merak
20899	Adept's Domain
21030	Direlands Southeast Shore
21163	Yee Villas
21176	Rytheran Dale
21185	Lithaenean Cottages
21215	Sonel
21272	Lightless Catacombs Surface
21344	Alvan Court
21345	Caerna Dwellings
21346	Illsin Veranda
21347	Marin Court
21348	Ruadnar Court
21349	Senmai Court
21350	Sigil Veranda
21351	Sorveya Court
21352	Sylvan Dwellings
21353	Treyval Veranda
21445	Stormtree Villas
21476	Sweet Maple Cottages
21526	South Direlands
21605	Sanctum Residential Halls Portal
21672	Hopevale
21920	Inquisitor's Dale Cottages
21924	Shield of Valor Cottages
22096	Victory Residential Halls Portal
22102	Haven Residential Halls Portal
22110	Oriel Residential Halls Portal
22113	Atrium Residential Halls Portal
22188	Stone Scythe Stronghold
22192	Two Hills Cottages
22686	Dark Tree Crystal Mine Surface
22760	Azaroth Cottages
23196	Danby's Outpost
23216	Rending Talon Cottages
23220	Tyrrin Cottages
23256	Westward
23456	Spirit Cell Surface
23458	Tia-Leh Homestead
23462	Wolfenvale
23783	Northfire Estates
24006	Asandra Cottages
24239	Firesong Cottages
24244	Dame Tolani Villas
24254	Aloria
24274	Stonehold Valley
24336	Black Dominion Surface
24482	Tarn Vinara Villas
24486	Nalib Cavana Settlement
24990	East Danby
25004	Deepvale Cottages
25034	Verena
25295	The Pit Dungeon Surface
25506	Harmonious Blade Cottages
25512	Direvale Villas
25520	Majestic Saddle Cottages
25813	Stonehold
26085	Thyrinn Cant Cottages
26307	Regina Cottages
26324	Phyntos Menace Surface
26391	Direlands South Landbridge
26525	Fearnot Valley Cottages
26569	Hidden Valley
26590	Grievver Caves
26775	Sanai
26785	Embara
26789	Rethux Vale
27026	Nidal-Taraq Villas
27093	Gelidite Library Surface
27109	Lightbringer Dale Cottages
27343	Ice's Edge Cottages
27347	Laiti's Villa
27361	Dires' Door Estates
27534	Shore Vista Cottages
27815	Morntide Ascent Cottages
27819	East Morntide Settlement
27926	Abandoned Armory
28397	Seaview Ridge Cottages
28555	Loredane Villas
28565	Gharu'n Victory Villas
28591	East Morntide Villas
28604	Olthoi Horde Nest (Mountain Retreat) Surface
28829	Decrepit Tower Surface
28838	Sanam Batal Villas
28842	Genem Causland
29128	Pyramid Surface
29156	Lord Cambarth Villas
29184	Winthur Gate Portal
29201	Acolyte Towers Surface
29384	Patriarch's Valley
29386	Pyramid Surface
29448	Ulgrim's Basement Surface
29588	West Zaikhal Freehold
29615	Amarand Villas
29640	Pyramid Surface
29677	Dark Cavern Surface
29696	Mellas Court Portal
29832	Desert Boundary Cottages
29867	Darasa Villas
29930	Snowy Valley
29952	Vesper Gate Portal
30167	Access to Crystal Mines
30208	Gajin Dwellings Portal
30610	Sharvale
30696	Tusker Den Surface
30720	Heartland Yard Portal
30898	Tiofor Deeps
30964	Northwater Cottages
30976	Ivory Gate Portal
30993	Gatekeepers
31078	Sea Temple Catacombs Surface
31105	Bay of Sands
31232	Alphus Court Portal
31332	Under-Cove Crypt Surface
31367	Desert March Surface
31390	Mimiana Villas
31394	Blazing Wand Villas
31446	Anadil
31488	Hasina Gardens Portal
31609	North Desert Edge
31707	Lower Empyrean Fire Cistern Surface
31744	Sorac Gate Portal
31844	A Red Rat Lair Surface
31852	North Yaraq Villas
31856	Al-Arqis Cottages
31862	Aqalah
31987	Far Horizon Cottages
32000	Maru Veranda Portal
32096	Yaraq Tunnels Surface
32100	Training Academy Exit (Yaraq)
32126	Midsong Cottages
32135	Recovered Temple Surface
32232	Wisp Lake Cottages
32256	Forsythian Gardens Portal
32356	Yaraq Casino VIP Portal
32377	Halls of Metos (Tufa) Surface
32401	Moss Chamber Surface
32415	Bright Blade Cottages
32456	Mountain Retreat Cottages
32512	Vindalan Dwellings Portal
32533	Temple of Enlightenment Surface
32639	Ithaenc Quiddity Seed Surface
32655	Olthoi Tunnel
32656	Seat of the New Singularity (Surface)
32717	Lake Nemuel Settlement
32731	Shade Stronghold Surface
32750	Temple of Forgetfulness Surface
32768	Syrah Dwellings Portal
32869	Darkened Halls Surface
32879	Sand Shallow Cottages
32881	Sand Shallow Surface
32904	Carved Cave Surface
32911	Radiant Blood Stronghold Surface
32912	Zaikhal
32923	Helms Villas
32938	Reviled Maw Cottages
32942	Lanadryll Cottages
32993	Stone Triad Dell
33024	Allain Court Portal
33118	South Yaraq Cottages
33174	Halls of the Helm Surface
33184	Murk Warrens (Zaikhal) Surface
33211	Misty Mine Surface
33257	Midhill Cottages
33280	White Lotus Gate Portal
33422	Four Towers Entrance
33479	Defiant Prey Cottages
33536	Autumn Moon Gardens Portal
33554	Land Bridge Villas
33671	Forbidden Crypts Surface
33681	Crypt of Ashen Tears Surface
33741	Windrune Cottages
33792	Trellyn Gardens Portal
33911	Return of Mumiyah Cottages
33940	Suntik
33942	New Suntik
33964	Tusker Notch
33968	Charnhold
34048	Endara Gate Portal
34134	Ijaniya
34163	Arrak
34184	Al-Jalima
34194	Northern Infiltrator Keep Surface
34228	Durglen
34244	North Pass Hollow Cottages
34304	Celcynd Grotto Portal
34402	Empyrean Cloister Surface
34410	Renegade Stronghold (Tufa) Surface
34446	Four Towers Settlement
34496	Ianna
34509	Lost City of Frore Surface
34517	Caulnalain Vestibule Surface
34545	Tharesun
34560	Trothyr Hollow Portal
34659	Mysterious Hatch Surface
34661	Slave Master Sand Caves Surface
34668	Tufa
34694	Arcanum Research Facility Surface
34697	Mysterious Cave Surface
34784	Frosty Dale Cottages
34816	Jojii Gardens Portal
34896	Gearknight Lord's Tower
34897	Gearknight Lord's Tower Surface
34906	Bone Lair Surface
34917	Ancient Portal Surface
35063	Point Tremblant
35072	Cedraic Court Portal
35273	Stonerune Cottages
35277	Shaky Ledge Cottages
35316	Northern Point
35328	Ben Ten Lodge Portal
35400	Pillars-on-the-Sea Cottages
35417	Unfinished Temple Surface
35450	Singular Pyreal Repository Surface
35455	Jackcat Canyon
35494	Maitland
35584	Dulok Court Portal
35669	Al-Kasan Settlement
35688	Tomb of the Dead Surface
35693	Bleached Skull Wastes Settlement
35826	Celcynd Cottages
35840	Crescent Moon Veranda Portal
35859	Lower Empyrean Lightning Cistern Surface
35935	Wi Badlands Settlement
35992	Alfreth Ridge Cottages
35997	Dovetail Valley Villas
36025	Firedew
36034	New Nesortania
36195	Djinaya Wind Cottages
36211	Naqut Dreams Villas
36238	Top of Mt. Syliph
36323	Greenvale Settlement
36352	Ispar Yard Portal
36416	Serpent Hills Settlement
36424	Desert Vanguard Cottages
36438	Nor's Folly Surface
36484	Musansayn
36493	Base of Mt. Syliph
36494	Syliph Base Surface
36495	North Syliph
36608	Xao Wu Gardens Portal
36629	Artifice Cottages
36694	Abandoned Shops Surface
36696	Al-Arqas
36753	North Dalt
36761	Alfreth Surface
36806	Southern Mt. Esper
36818	Crater Caves Dungeon Surface
36824	Crater Lair Surface
36864	Accord Veranda Portal
36972	Desert Mirage Cottages
37034	Whispering Pines Cottages
37072	Crater Pathway Surface (Top)
37162	Qalaba'r Seaside Villas
37170	Ebbing Tide Villas
37190	South Tumerok Vanguard Outpost Surface
37232	Al-Nosaj
37261	Sylsfear Surface
37267	North Gemm
37285	Mistdweller Villas
37304	Pine Hillock Settlement
37356	Pavanne Vale Freehold
37376	Celdiseth Court Portal
37435	Mahara Cottages
37463	Desert Ruin Surface
37472	Arqasanti
37476	Hamud Cottages
37495	Samsur Butte Cottages
37534	Soltan Villas
37555	Bucolic Villas
37587	Jahannan Vault Surface
37632	Festivus Court Portal
37707	Xarabydun
37712	Monument Sands Settlement
37756	Mnemosyne Collection Site Surface
37765	Stone Scar Settlement
37776	Unified Heart Villas
37781	Bellig Tower Base Surface
37784	Mt. Alphus Valley
37835	Crater Pathway Surface (Bottom)
37843	Empyrean Workshop Surface
37888	Hibiscus Gardens Portal
37908	Stormbrow
37913	Simda'r Villas
37956	Al-Mar Oasis
38039	Base of Mt. Alphus
38094	Highland Manors
38097	Mattekar Cave Surface
38144	Meditation Gardens Portal
38209	Crystal Mine Surface
38254	Sand Kings Cottages
38258	The Asteliery Surface
38266	A Small Cave Surface
38281	East Al-Jalima Villas
38296	Mount Alphus
38307	Howling Wolf Villas
38358	Neydissa Castle
38400	Setera Gardens Portal
38426	Lugian Outpost Surface
38451	Villalabar
38484	Al-Hatar Settlement
38490	Dry Bone Manors
38500	Ahr-Zona
38503	Virindi Edifice Surface
38526	Musansayn's Vaults Surface
38553	Top of Mt. Zabool
38568	Eaves of Tiofor Settlement
38582	Woodsbane Cottages
38614	Olthoi Tunnel
38620	Mage Academy Surface
38656	Spirit Gate Portal
38690	Qalaba'r
38694	Lugian Post Surface
38751	Mosswart Maze Surface
38779	Samsur
38780	Dungeon Manor Surface
38801	Bellig Mesa Cottages
38805	Desert Northern Edge Portal
38810	Base of Mt. Zabool
38859	Songview
38912	Triumphal Gardens Portal
38935	Mountain Fortress Surface
38980	Dunes End Cottages
39031	Dungeon Binar Surface
39110	Prosper River Headwaters
39168	Wilamil Court Portal
39224	Avatania Cottages
39259	Thasali Cottages
39289	Dry Well Surface
39301	Nal Wadi Cottages
39334	Underground Forest Surface
39399	Entrance to Portal Space Surface
39468	Qalabar Oasis Settlement
39531	Djebel al-Nar Cottages
39553	Stone Face Oasis Villas
39775	West Uziz Settlement
39798	Janaa Ridge Settlement
39825	Stonebend Cottages
39830	Redrock Cottages
39835	Zabool Overlook Settlement
39850	Mountain Ridge Abodes
40013	Sands-of-the-Skull Cottages
40048	Yushad Ridge Cottages
40077	Dillo Butte Settlement
40152	Neydisa Village
40231	Ridge Citadel Surface
40265	Winthura's Garden Portal
40275	Krau Li's Labyrinth Surface
40499	Brigand Sands Cottages
40510	Southern Infiltrator Keep Surface
40538	Thasali Surface
40564	Cactus Acres
40584	Greenswath
40630	Banderling Camp
40667	Virindi Complex Surface
40746	Mount Ingot Surface
40748	Crystal Core Surface
40772	Khayyaban
40871	North Glenden Prison Surface
41035	Bhah Dhah Villas
41070	Vulture's Eye Villas
41081	Desert Mine Surface
41101	Palm-of-Stone Villas
41106	Maythen Geroyu Villas
41111	Lost Realm Cottages
41116	Auroch Pasture Estates
41124	Glenden Wood Dungeon Surface
41131	Glenden Hills North Settlement
41244	Old Mine Surface
41281	Enkindled Souls Surface
41311	Grievous Vault Surface
41437	Patron's Honor Cottages
41502	Return to Linvak Tukal
41504	Outside Linvak Tukal
41533	South Khayyaban Cottages
41568	Uziz
41588	Drytree Settlement
41665	Ispan Hill
41690	East Esper Valley
41760	Serac Vault Surface
41897	Daiklos Dungeon Surface
41915	Lilyglen Cottages
41959	Dagger Vale
42017	Falatacot Depot Surface
42034	Gredaline Consulate Surface
42068	South Uziz Villas
42084	North Uziz Settlement
42143	Iceea Hills Estates
42191	Glystaene Cottages
42219	Celdiseth's Beach Settlement
42281	Mattekar Slopes Cottages
42367	Charbone Ridge
42374	Sand's Edge
42385	Hermit Hill Cottages
42423	Asuger Temple Surface
42451	Portal Summoning Site
42511	Brigands Bay Settlement
42520	Linvak Tukal Foothills Settlement
42663	Glenden Hills East Settlement
42699	New Colier
42804	Gredaline Villas
42808	Plainsview Cottages
42890	Demonsbane Cottages
42931	Cave of Alabree Surface
43085	Ardent Realm
43111	Narziz Cottages
43157	Catacombs of the Forgotten Surface
43180	Hunter's Leap Surface
43185	A White Rat Nest Surface
43189	Holtburg Dungeon Surface
43203	Mountain Keep Surface
43231	Weakened Sewers Surface
43348	Aia's Tower Surface
43379	Yinar
43389	Devana
43416	Solstice Hill
43436	Hunter's Leap Surface
43442	Holtburg Casino VIP Portal
43443	Drudge Hideout Surface
43444	Holtburg
43655	Dungeon Nye Surface
43688	Hilltop
43697	Holtburg Redoubt Surface
43824	Ro-Nan
43828	Ikama Cottages
43832	Erevana Villas
43848	Sonpay
43883	Amiantos Bethel Surface
43908	Adventurer's Haven Surface
43966	Mountain Keep Cottages
43998	Zatara
44007	Northreach
44095	Kanasa
44109	Shield of Ispar Villas
44161	Adventurer's Haven Cottages
44181	Tinkelo Hold Villas
44198	Taralla
44320	Southern Park
44386	Arida Butte
44394	Broken Sword Bethel Settlement
44422	Enchanter's Meadow
44427	King Pwyll Square
44443	Heartland
44469	Dungeon Fern Surface
44500	Bretslef Cottages
44563	Scimitar Lake Cottages
44657	Abandoned Arena Surface
44689	Forgotten Hills
44702	Witshire Dungeon Surface
44742	Colier
44752	Baron's Domain
44998	Colier Mine Surface
45075	South Shore Heights
45091	Lugian Mines Surface
45135	Taklihuan Settlement
45208	Meerthus Square
45362	Ancient Town
45371	Spire Hills Settlement
45377	Oboro
45432	Desert Ridge Border
45438	Asbel Domain
45484	Banderling Ruin Surface
45533	West Norstead
45650	Kuyiza
45668	West Yanshi Namoon
45676	Faranar Foothills
45702	Osric Cottages
45707	Darawyll Village
45747	Evensong Settlement
45753	West Holtburg Villas
45769	Colier View Hill
45780	Alvador
45848	Dragon's Power Surface
45893	Kelnen Village
45935	Gazebo
45940	Liang Chi Settlement
45953	Larry's Garden Surface
46018	Bleak Valley
46117	Lake Thrasyl Cottages
46191	Yanshi
46250	Obsidian Span
46318	Tenkarrdun Foundry Surface
46395	Shara
46415	Empyrean Fields Cottages
46429	Jinianshi
46445	Olthoi Tunnel
46488	Cragstone Farms
46493	A Cave Surface
46644	Tattered Ridge
46689	Swamp Temple Place
46695	Yanshi Namoon North
46726	Haunted Mansion
46727	Haunted Mansion Dungeon Surface
46746	Dungeon of Shadows Surface
46808	Bandit Road Villas
46826	Aerlinthe Reservoir Surface
46827	Aerlinthe Reservoir Surface
46947	Swamp Gardens Surface
46969	Jenshi Cottages
46976	Abyssal Olthoi Chasm Surface
47083	Aerfalle Keep Surface
47213	Mossy Cave (Yanshi) Surface
47216	Yanshi Tunnel Surface
47336	Western Aerlinthe Island
47443	Zin-Dai
47447	Li-Po Cottages
47452	Blackmire Edge Cottages
47455	Burun Fortress
47601	Charged Niche Surface
47633	Mainland
47639	Kara
47653	Yukikaze
47713	Watery Grotto Surface
47723	Deserted Ruin Surface
47727	A Ruin (Yanshi) Surface
47777	River Bridge
47794	Holtburg Wilderness Settlement
47814	Citadel Apex
47848	Eastern Aerlinthe Island
47970	Forking Trail Surface
47972	Blackmire Temple Surface
47984	Reedshark Lair Surface
47993	North Yanshi Plains Settlement
48002	Ruined Cave Outpost Surface
48014	West Rithwic Estates
48031	Cragstone
48040	East Span Way Settlement
48063	Olthoi Brood Hive (20+) Surface
48070	Citadel Valley
48112	Tenkarrdun Foundry Surface
48145	Lyceum Training Grounds Surface
48263	North Lytelthorpe Villas
48277	South Victory Harbor
48279	Lakeside Lair Surface
48455	Jasmine Meadow
48496	Burun Cavern Surface
48544	Eldrytch Web Stronghold Surface
48559	Mite Tunnels Surface
48592	Bandit Castle
48594	Bandit Castle Prison Surface
48731	Banderling Conquest Surface
48744	Tainted Grotto Surface
48764	Hollow Lair near Lytelthorpe Surface
48784	Trothyr's Rest Surface
48851	Small Icecave Surface
48917	Ishilai Inlet Villas
48921	Ishilai Inlet Settlement
48926	Singular Chorizite Repository Surface
48963	Ring of Crystals Estates
49022	Lost Distillery Surface
49132	Devastated Falatacot Temple Surface
49248	Swamp Ruin Surface
49280	Lytelthorpe
49281	Undisclosed Location
49307	Isle of Tears
49334	Renegade Garrison Surface
49369	Norvale
49373	Norstead
49469	Mage's Pass
49492	Lo-Han
49524	Folthid Cellar Surface
49540	Dungeon Maggreth Surface
49551	Leafdawning Settlement
49595	Olthoi Tunnels Surface
49615	Olthoi Horde Nest (Bandit Castle) Surface
49696	North Adjamaer Cottages
49752	West Sawato Cottages
49757	Burun Burrow Surface
49780	Folthid Estate
49788	South Lytelthorpe
49794	Setab's Barracks Surface
49818	Underground City Surface
50016	Empyrean Foundry Surface
50017	Corrupted Catacombs Surface
50055	Meridian Cottages
50091	Abandoned Mine Surface
50147	Temple of N'cthail
50222	Lugian Quarry Surface
50230	Trialos Surface
50244	Fenmalain Vestibule Surface
50254	Ayn Tayan
50284	Snakehead
50317	A Ruin (Rithwic) Surface
50344	A Ruin (Arwic) Surface
50393	Broken Haft Vale
50458	South Adjamaer Cottages
50534	North Sawato Villas
50560	Forgotten Temple Surface
50572	Trothyr's Rest Surface
50599	Olthoi Tunnel
50610	Mountain Shortcut
50640	Olthoi Brood Hive (80+) Surface
50753	West Baishi Settlement
50806	Neu Gerz Villas
50828	Dungeon Gallery Tower Surface
50857	Arwic Mines Surface
50866	Mite Maze
50977	Mines of Despair Surface
51071	East Lytelthorpe Settlement
51085	A Drudge Nest (Rithwic) Surface
51092	Lake Blessed Cottages
51096	Strathelar's Watch Cottages
51122	Mite Maze Surface
51154	New Cannthalo
51338	Old Warehouse Surface
51379	Lair of Death Surface
51420	Temple of Stirring Shadows Surface
51426	Vissidal Island
51433	Dark Isle
51501	Lost Garden Ruins Surface
51526	Jai-Tan Dale
51544	Sawato
51595	Martine's Retreat Surface
51596	Rithwic
51600	Rithwic Crypt Surface
51651	Far Claw Villas
51741	Xinh
51757	High Mountain Valley
51792	Unicorn's Grace Surface
51843	Slinker Meadows
51868	North Eastham Meadow
51875	Southeast Arwic Settlement
51904	Olthoi Brood Hive (60+) Surface
51928	Olthoi Brood Hive (40+) Surface
52029	Ridge Tower
52068	Mire Hill
52075	Imuth Maer Cottages
52086	Jin-Lai Stronghold
52146	Eotensfang Cottages
52170	Olthoi Brood Hive (60+) Surface
52182	P'rnelle Acres
52186	Haliana
52306	A Mosswart Nest Surface
52522	Wilderness Citadel Surface
52622	Filos' Doom Surface
52629	Simple Tower Surface
52630	Cave (Eastham) Surface
52660	Warehouse Surface
52673	Lower Empyrean Ice Cistern Surface
52801	Baishi
52807	North Baishi Cottages
52817	Fathomless Chasm Surface
52823	Sawato Foothills Settlement
52840	Village Quan
52848	Broadacre Cottages
52860	Riverbend
52871	Gaerwel Edge Settlement
52880	Filos' Font Cottages
52884	Banderling Conquest Dungeon Surface
52886	Eastham Sewers Surface
52892	Beachside
52913	Lost Wish Cottages
53023	Lugian Excavations Surface
53084	East Sawato Settlement
53184	Sennon Valley Retreat
53332	Renegade Stronghold (Shoushi) Surface
53364	Maedew
53371	Riverbend Cottages
53397	Thieves' Den Surface
53538	Lugian Meadows Settlement
53604	Sclavavania
53635	Siege Road Villas
53654	Eastham Beach Portal
53669	Cape Feirgard Cottages
53675	South Beach Pass Villas
53708	Explorer's Villas
53712	Isparian Flame Estates
53820	Firebird's Splendor Surface
53869	Crescent Lane Cottages
53900	East Rithwic Estates
53927	Skeleton Fort
53942	Olthoi Brood Hive (20+) Surface
54072	Hills Citadel Surface
54077	South Osteth Peak
54079	Golem Burial Ground Surface
54086	Tanshi
54089	Murk Warrens (Baishi) Surface
54190	Lost Coastal Archive Surface
54208	Secluded Valley Cottages
54215	Olthoi Brood Hive (80+) Surface
54364	Sho Roadside
54383	Reedshark Clan Training Camp Surface
54393	Shreth Clan Training Camp Surface
54398	Siege Road Settlement
54577	Font Alpa
54591	The Lee Side of The Mountain
54609	Shou-Zin
54621	Cursed Swamp Surface
54627	San-Chin
54682	Asheron's Castle
54746	Southern Courtyard
54847	Rocky Crypt Surface
54850	Lin Kiln Park
54860	South Shoushi Villas
54874	Chi Zou Cottages
54891	Gromnie Clan Training Camp Surface
54910	Serpent Clan Training Camp Surface
54931	Asheron's Island
54974	Hand-on-Sword Cottages
55100	A Small Ruin Surface
55121	Dungeon Mei Surface
55133	Mosswart Camp
55234	Jeweled Thorn Estates
55250	Olthoi Brood Hive (40+) Surface
55380	Stone Cathedral Surface
55382	Shreth Hive Surface
55388	Greenmire Grave Surface
55389	Dungeon Muddy Surface
55498	Black Death Catacombs Surface
55636	Braid Mansion Ruin Surface
55760	Arrowdale Cottages
55892	Shoushi Grotto Surface
55893	Training Academy Exit (Shoushi)
55895	Banderling Hovel Surface
55915	Narsys
55919	South Siege Villas
55925	Dryreach
56115	West Mayoi Mountain Villas
56148	Shoushi Casino VIP Portal
56163	Mosswart Place Cottages
56180	Dryreach (Facility Hub)
56375	Thieves' Galleries Surface
56380	Lin
56647	Sai-Nan
56668	Aimaru Plains Cottages
56705	Falcon Clan Training Camp Surface
56954	Dryreach Beach Manors
57148	Saadia's Retreat Surface
57164	Shian-To Cottages
57184	Castle of Baron Nuvillus
57194	Ariake
57199	Dryreach Beach Cottages
57386	Vesayan Overlook
57394	Southern Black Claw Dungeon Surface
57702	Bluewater Cottages
57915	Nanto Rat Lair Surface
57951	Stoneport Villas
58174	Water Temple Surface
58184	South Hebian-To Cottages
58322	Olthoi Tunnel
58323	Queen's Burrow
58429	Fowl Basement Surface
58660	Mud Cave Surface
58673	A Ruin (Mayoi) Surface
58675	Mountain Sewer
58683	Empyrean Garrison Surface
58701	Thief Trail Surface
58830	Olthoi Tunnel
58832	Olthoi Tunnel
58835	Queen's Burrow
58836	Queen's Burrow
58930	Mayoi
58931	Mayoi Beach Portal
58942	Nanto
58958	Hebian-to
59086	Queen's Burrow
59089	Queen's Burrow
59168	Umbral Hall Surface
59197	Mysterious Tunnels Surface
59206	South Hebian-To Estates
59212	A Drudge Nest (Hebian-to) Surface
59213	Hebian-to Sewers Surface
59426	Dark Mosswart Halls Surface
59514	Tusker Assault Surface
59713	Meditation Meadow
59773	Rampage Bluff
60027	Tusker Holding Surface
60030	Plated Rifts Surface
60221	Lytaway Surface
60275	Tusker Gauntlet Surface
60287	Tusker Tunnels Surface
60429	Xi Ru's Chapel Exterior
60453	Idol Spawning Grounds Surface
60485	Ong-Hau Village
60489	Southwest Hebian-To Settlement
60541	Tusker Honeycombs Surface
60702	Mosswart Nest
60952	Ithaenc Archipelago
60960	Rumuba's Hidey Hole Surface
60994	Nan-Zari
61212	Fiery Alcove Surface
61224	Morasmen Hideout Surface
61311	Tusker Armory Surface
61473	Treacherous Tunnels Surface
61476	A Mosswart Hideout Surface
61555	Tusker Lacuna Surface
61566	Tusker Barracks Surface
61567	Tusker Barracks Surface
61726	Moarsmen Muck Surface
61735	Small Ruin
61770	Tou-Tou Road Villas
61786	Smuggler's Hideaway Surface
61988	MacNiall's Freehold
62031	Tou-Tou Penninsula Cottages
62043	Smuggler's Fort Surface
62080	Tusker Pits Surface
62247	Moars Surface
62488	Cathedral Ruins Portal
62502	Treacherous Tunnels (Surface)
62504	Small Temple
62554	Mountain Sewer Surface
62586	Tusker Encampments Surface
62593	Vengeance Caverns Surface
62595	Chapel of Mowen Surface
62744	Lost Ruins Surface
62760	Jungle Shadows Surface
62761	Moars Laboratory Surface
62809	Tou-Tou
63069	Olthoi Tunnel
63099	Tusker Abode Surface
63100	Tusker Quarters Surface
63101	Tusker Freehold Surface
63106	Throne of the Tusker King Surface
63108	Tusker Emporium Surface
63280	Olthoi Tunnel
63319	Damp Caverns Surface
63358	Tusker Habitat Surface
63527	Moarsmen Spawning Grounds Surface
63616	Tusker Cavern Surface
63777	Small Temple
63870	Tusker Retreat Surface
63871	Tusker Cave Surface
63873	Tusker Burrow Surface
63874	Tusker Burrow Surface
64126	Tusker Grotto Surface
64127	Tusker Lodge Surface
